Membership Type,Number,Organization Name,Address,State
ACTIVE MEMBERS,1,Asian Fertilizers Limited 8 DCM Shriram Limited,"P.W.D. Officers Colony, (Unit : Shriram Fertilizers & Chemicals), Near Rastriya Sahara Press, Park Road, 2nd Floor, (West Wing), World Mark 1, Aerocity, Gorakhpur New Delhi - 110 037, Uttar Pradesh - 273 001",Uttar Pradesh
ACTIVE MEMBERS,2,BEC Fertilizers 9 DMCC Speciality Chemicals Limited,"(Unit of Bhillai Engg. Corp.Ltd.) Prospect Chambers, Sector A, Sirgetti Industrial Area, Sirgetti, 317/21, Dadabhoy Naoroji Road, Bilaspur 495 004 Mumbai 400 001, Chattisgarh Maharashtra",Maharashtra
ACTIVE MEMBERS,3,Bharat Agri Fert. & Realty Limited 10 Greenstar Fertilizers Limited,"301, 3rd Floor, Hubtown Solaries, SPIC House, N.S. Phadke Marg, Near East West Flyover, Andheri No. 88, Mount Road, Guindy, (East) Chennai 600 032, Mumbai Tamil Nadu, Maharashtra - 400 069",Tamil Nadu
ACTIVE MEMBERS,4,Brahmaputra Valley Fertilizer Corporation Limited 11 Gujarat Narmada Valley Fertilizers & Chemicals,"Regd. Office Namrup P.O. Narmada Nagar, P.O. Parbatpur District Bharuch 392 015, District Dibrugarh 786 623 Gujarat, Assam",Gujarat
ACTIVE MEMBERS,5,Chambal Fertilizers and Chemicals Limited 12 Gujarat State Fertilizers & Chemicals Limited,"Corporate One, First Floor, P.O. Fertilizernagar, 5, Commercial Center, Jasola District Vadodara 391 750, New Delhi - 110 025 Gujarat",Gujarat
ACTIVE MEMBERS,6,Coimbatore Pioneer Fertilizers Private Limited 13 Hindalco Industries Limited,"P.O.Muthugoundanpudur (Unit : Birla Copper), Via Sulur 3rd Floor, Aries House, Near Hotel Siddharth Palace, District Coimbatore 641 006 Old Padra Road, Tamil Nadu Baroda 390 015, Gujarat",Tamil Nadu
ACTIVE MEMBERS,7,Coromandel International Limited 14 Hindustan Urvarak & Rasayan Limited,"1-2-10, Sardar Patel Road Core - 4, 9th Floor, Scope Minar, Post Box No. 1589 Laxmi Nagar Districr Centre, Secunderabad 500 003 New Delhi - 110 092, Telangana",Telangana
ACTIVE MEMBERS,15,Indian Farmers Fertiliser Cooperative Limited 22 Krishak Bharati Cooperative Limited,"IFFCO Sadan A8-10, Sector-1, C-1, District Centre, Saket Place, District Gautam Budh Nagar, New Delhi - 110 017 Noida 201 301, Uttar Pradesh",Uttar Pradesh
ACTIVE MEMBERS,16,Indian Potash Limited 23 Krishna Phoschem Limited,"Potash Bhawan, 5-O-20, Basement Office, 10-B, Rajendra Park, Pusa Road, R.C. Vyas Colony, New Delhi - 110 060 Bhilwara 311 001, Rajasthan",Rajasthan
ACTIVE MEMBERS,17,Indorama India Private Limited 24 Madhya Bharat Agro Products Limited,"Ecocentre, EM-4, 12th Floor, 5-0-1, Basement Office, Unit No. ECSL-1201, Sector V, Salt Lake, R.C. Vyas Colony, Kolkata 700 091 Bhilwara 311 001, West Bengal Rajasthan",West Bengal
ACTIVE MEMBERS,18,Jubilant Agri and Consumer Products Limited 25 Madras Fertilizers Limited,"Plot No: 142, Chimes, Manali, 3rd Floor, Sector-44, Chennai 600 068, Gurugram 122 003 Tamil Nadu, Haryana",Tamil Nadu
ACTIVE MEMBERS,19,Kanpur Fertilizers & Chemicals Limited 26 Mahadhan AgriTech Limited,"C/o Jaiprakash Associates Ltd. Sai Hira Complex, Jaypee Greens Wish Town, Sector - 128, S.No. 93, Mundhwa, Shastri Nagar, Yeravada, Noida 201 304 Pune 411 036, Uttar Pradesh Maharashtra",Uttar Pradesh
ACTIVE MEMBERS,20,Khaitan Chemicals & Fertilizers Limited 27 Mangalore Chemicals & Fertilizers Limited,"7th Floor, The B Zone Business Space Level-11, UB Towers, UB City, Village Piplya Kumar, Nipania Main Road 24, Vittal Mallya Road, Indore 452 010 Bengaluru 560 001, Madhya Pradesh Karnataka",Madhya Pradesh
ACTIVE MEMBERS,21,Kribhco Fertilizers Limited 28 Matix Fertilisers and Chemicals Limited,"4th Floor, KRIBHCO Bhawan, Office No. 600, 6th Floor, A-10, Sector 1, District Gautam Budh Nagar, Martin Burn Business Park, BP-3, Sector-V, Salt Lake, Noida 201 301 Kolkata 700 091, Uttar Pradesh West Bengal",Uttar Pradesh
ACTIVE MEMBERS,29,Micnelf Micronutrients Private Limited 36 Ramagundam Fertilizers and Chemicals Limited,"Shrikrishna Kribhco Bhawan, Krishnakeval Nagar, 1/A,Kondhwa Khurd 4th Floor, 1st Wing, Sector-1, Pune 411 048 Noida 201 301, Maharashtra Uttar Pradesh",Maharashtra
ACTIVE MEMBERS,30,Nagarjuna Fertilizers & Chemicals Limited 37 Rashtriya Chemicals and Fertilizers Limited,"Nagarjuna Hills Priyadarshini, Punjagutta Eastern Express Highway, Sion, Hyderabad 500 082 Mumbai 400 022, Telangana Maharashtra",Telangana
ACTIVE MEMBERS,31,Narmada Bio-chem Limited 38 Southern Petrochemical Industries Corporation,"""Narmada House"", Plot No.252, TP No. 50, Limited, Nr.Sun Builders, Sindhu Bhavan Road, Bodakdev, SPIC House, Ahmedabad 380 054 88, Mount Road, Guindy, Gujarat Chennai 600 032, Tamil Nadu",Gujarat
ACTIVE MEMBERS,32,National Fertilizers Limited 39 The Andhra Sugars Limited,"A-11, Sector-24 Post Box No. 102, Distt. Gautam Budh Nagar Venkatarayapuram, District West Godavari, Noida 201 301 Tanuku 534 215, Uttar Pradesh Andhra Pradesh",Uttar Pradesh
ACTIVE MEMBERS,33,Paradeep Phosphates Limited 40 The Fertilisers and Chemicals Travancore Limited,"OSHWCS Building, P.O. Udyogamandal, Pandit Jawahar Lal Nehru Marg Kochi, Bubhaneswar 751 001 Alwaye 683 501, Orrisa Kerala",Kerala
ACTIVE MEMBERS,34,R.C. Fertilisers Private Limited 41 The Jay Shree Chemicals & Fertilisers,"181-A, 18th Floor, Maker Tower, Industry House, 15th Floor, E' Wing, Opp. World Trade Center, Cuffe Parade, 10, Camac Street, Mumbai 400 005 Kolkata 700 017, Maharashtra West Bengal",Maharashtra
ACTIVE MEMBERS,35,Rama Phosphates Limited 42 The Phosphate Company Limited,"51 -52, Free Press House 14, Netaji Subhas Road, 3rd Floor, Nariman Point Kolkata 700 001, Mumbai 400 021 West Bengal, Maharashtra",West Bengal
ACTIVE MEMBERS,43,Yara Fertilisers India Private Limited,"502, Global Business Square, Plot No.32, Sector-44, Gurgaon 122 002, Haryana",Haryana
ACTIVE MEMBERS,44,Zuari Agro Chemicals Limited,"Jaikisaan Bhawan, Zuarinagar",
ACTIVE MEMBERS,403,726,Goa,Goa
ASSOCIATE MEMBERS,1,3S Minerals Processors Private Limited 8 Agrifields International Limited,"22-B-15, Haldighati Marg, Opposite NRI A14/3, 234/3A, FMC Fortuna Building, Colony, Pratap Nagar A.J.C. Road, Bose Road, Jaipur 302 029 Kolkata 700 020, Rajasthan West Bengal",Rajasthan
ASSOCIATE MEMBERS,2,a c t infraport Limited 9 AgriMin Control International Private Limited,"Plot No. 391 & 392, Sector 1/A 602, Embassy Chambers, 6th Floor, Near Mamlatdar's Office, Gandhidham Plot No. 5, 3rd Road, Khar (West), Kachchh 370 201 Mumbai 400 052, Gujarat Maharashtra",Gujarat
ASSOCIATE MEMBERS,3,Aarti Fertilizers 10 Agro Phos (India) Limited,"(A Division of Aarti Industries), M-87, Trade Centre, Plot No. 801, 801/23, GIDC Estate, Phase III, District 18, Southtuko Ganj, Valsad Indore 452 001, Vapi 396 195 Madhya Pradesh, Gujarat",Madhya Pradesh
ASSOCIATE MEMBERS,4,Abdullah Haji Rahimtula & Sons Private Limited 11 Agro Service Center,"DCM Building, 3rd Floor 401-Man Heritage, Flat No.-3E, 16, Barakhamba Road 6/2 South Tugogunj, New Delhi - 110 001 Indore 452 001, Madhya Pradesh",Madhya Pradesh
ASSOCIATE MEMBERS,5,ACME Cleantech Solutions Private Limited 12 Agrocel Industries Private Limited,"Plot No. 152, Sector - 44, B-701, 702, 7th Floor, Flexcel Park, Gurugram 122 002 184-87, S.V. Road, Jageshwari West, Haryana Mumbai 400 102, Maharashtra",Haryana
ASSOCIATE MEMBERS,6,Adani Ports and Special Economic Zone Limited 13 Alligo Horizon Private Limited,"Adani Corporate House, Plot No.83, 402 B 4th Floor, Shanta Madhav Sankul, Institutional Area, Sector - 32, Above SBI Bank Near MICo Circle Tidke, Gurgaon 122 001 Nashik 422 206, Haryana Maharashtra",Haryana
ASSOCIATE MEMBERS,7,Advance Fertilizers India Private Limited 14 Ameropa India Private Limited,"Plot No. D-2-CH-64 & 67, Dahej - II Unit 16, Level 12, Two Horizon Centre, Industrial Estate, R.S. No. 180P and 181P Golf Course Road, Dahej GIDC, Dahej SIR Gurugram 122 002, Bharuch 392 130 Haryana, Gujarat",Haryana
ASSOCIATE MEMBERS,15,Anglo American Crop Nutrients India Private Limited 22 Aura Biotechnologies Private Limited,"77- H Block, Survey No. 270/1, Plot No. 1&2, Galaxy Road, Sri Ganga Nagar 335 001 Ayanambakkam, Rajasthan Chennai 600 095, Tamil Nadu",Rajasthan
ASSOCIATE MEMBERS,16,Anshula Technological Engineering Consultants 23 Avana Logistek Limited,"Private Limited 201 & 202, Salcon Aurum, Plot No-4, A 401/402, LEO Building (Formerly Kohinoor CHS) Jasola District Centre, Plot No.479, T.P.S.III, 24th Road, Khar (West) New Delhi - 110 025, Mumbai 400 052, Maharashtra",Maharashtra
ASSOCIATE MEMBERS,17,Anya Polytech & Fertilizers Private Limited 24 Ballestra Engineering and Projects Private Limited,"B-243, Sector-26 No.69, Mezanine Floor, Noida 201 301 JP & Devi Jambukeshwara Arcade, Millers Road, Uttar Pradesh Bangalore 560 052, Karnataka",Uttar Pradesh
ASSOCIATE MEMBERS,18,Arcoy Industries India Private Limited 25 Baltic Testing India Private Limited,"606 Abhijeet, 1, Mithakhali Six Roads 3rd Floor, B Wing, Indiana House, Makwana Road, Near Ellisbridge Gamdevi, Marol Naka, Andheri East, Ahmedabad 380 006 Mumbai 400 059, Gujarat Maharashtra",Gujarat
ASSOCIATE MEMBERS,19,Arihant Fertiliser & Chemicals India Limited 26 Baroda Agro Chemicals Limited,"119, First Floor, Bansi Trade Centre, Survey No. 40, Yashkamal Industrial Estate, 585/5 M.G. Road, Dr.Roshan Singh Bhandari Marg, Baska-Tajpura Road, Village - Panelav, Taluka - Halol, Indore 452 001 Distt. Panchmahals 389 350, Madhya Pradesh Gujarat",Madhya Pradesh
ASSOCIATE MEMBERS,20,Atul Enterprises 27 Basant Agro Tech (India) Limited,"Mandi Road 95-96, 9th Floor, 'C' Wing, Baloda Bazar Mittal Court, Jamnalal Bajaj Marg, Nariman Point, Bhatapara 493 118 Mumbai 400 021, Chhattisgarh Maharashtra",Chhattisgarh
ASSOCIATE MEMBERS,21,AUMVN Industrial Products 28 Bharat Agro Molecules Limited,"3/11, Vijay Vilas Building No.3, E-35, Udyog Puram, Kavesar Delhi Road, Thane West 400 615 Meerut 250 103, Maharashtra Uttar Pradesh",Maharashtra
ASSOCIATE MEMBERS,29,Bhoomi Phosphate Private Limited 36 Chronos Richardson India Private Limited,"F 96-97, RIICO Industrial Area Plot No. 5E, Sector - 4, Gudli, Ballabgarh, Distt. Udaipur 313 024 Faridabad 121 004, Rajasthan Haryana",Rajasthan
ASSOCIATE MEMBERS,30,BIOFAC Inputs Private Limited (BIOFACTOR) 37 Combined Logistics Solutions Private Limited,"74C, Anrich Industrial Estate, Plot No. 4A, Third Floor, Block-4, IDA Bollaram, Jinnaram, Kirti Nagar Industrial Area, Sangareddy (Dist.) 502 325 New Delhi - 110 015, Telangana",Telangana
ASSOCIATE MEMBERS,31,Blue Phosphate Limited 38 Compagnie Indo-Francaise De Commerce Private,"F-6, 1st Floor, Limited, Vidhya Vihar Road, Devali, DCM Building, 3rd Floor, Udaipur 313 001 16, Barakhamba Road, Rajasthan New Delhi - 110 001",Rajasthan
ASSOCIATE MEMBERS,32,Borochemie (India) Private Limited 39 Compo Expert India Private Limited,"40-44A, Dheeraj Heritage, 4th Floor, Tower – II, 108, World Trade Center, S.V. Road, Santacruz (West) Kharadi, Mumbai 400 054 Pune 411 014, Maharashtra Maharashtra",Maharashtra
ASSOCIATE MEMBERS,33,CFI Technologies Private Limited 40 Cotecna Inspection India Private Limited,"6th Floor, Om Tower, (The Summit - Business Bay), 32, Jawaharlal Nehru Road, Office No.213, 214 & 215, Behind Guru Nanak Petrol, Kolkata 700 071 Pump, Opposite Cinemax, West Bengal Off. Andheri - Kurla Road, Prakashwadi, Andheri (East), Mumbai 400 069, Maharashtra",West Bengal
ASSOCIATE MEMBERS,34,Chembond Water Technologies Limited 41 Criyagen Agri and Biotech Private Limited,"Chembond Centre Survey No. 71/5, Doddaballapur-Nelamangala State, EL-71, Mahape MIDC, Navi Highway-74, Mumbai 400 705 Post : Karim Sonnenahalli, TQ: Doddaballapur, Maharashtra Bangalore Rural 562 203, Karnataka",Maharashtra
ASSOCIATE MEMBERS,35,Chemtech Fertilisers Private Limited 42 Crop Nutri Solutions (India) Private Limited,"# 303, Siri Estate Sy No. : 708, Thamminapatnam Village, Nagarjuna Nagar Colony Chillakur Mandal, Hyderabad 500 073 Nellore District 524 412, Telangana Andhra Pradesh",Telangana
ASSOCIATE MEMBERS,43,Cropex Limited 50 Diamond Shipbrokers,"""CROPEXIUM EAST"" No. 71, 3rd Floor, (A division of Samsara Shipping Pvt. Ltd.), Karthik Nagar, Outer Ring Road, Marathahalli, 101/102, Technopolis Knowledge Park, Bangalore 560 037 Mahakali Caves Road, Chakala, Andheri (E), Karnataka Mumbai 400 093, Maharashtra",Karnataka
ASSOCIATE MEMBERS,44,Cropnosys (India) Private Limited 51 Dreymoor Fertilizers Overseas Pte. Limited,"9th Floor, Arliga North Star Building 403, Suncity Business Tower, (Opposite Yelahanka Police Station) Golf Course Road, Sector - 54, Besides RMZ Galleria Mall), Yelahanka Gurgaon 122 002, Bengaluru 560 064 Haryana, Karnataka",Haryana
ASSOCIATE MEMBERS,45,Dayal Fertilizsers (P) Limited 52 Engineers India Limited,"Delhi Road, Partapur EI Bhawan, 1, Bhikaji Cama Place, Meerut 250 013 New Delhi 110 066, Uttar Pradesh",Uttar Pradesh
ASSOCIATE MEMBERS,46,Delta Irrigation and Fertiliser Private Limited 53 Exceed Crop Science Private Limited,"Plot No. T53/6, Kagal Hatkanangle Plot No. 216 & 217, KIADB Industrial Area",
ASSOCIATE MEMBERS,5,"Star MIDC, Kagal 2nd Stage, Gamanagatti","Kolhapur 416 216 Hubli 580 025, Maharashtra Karnataka",Maharashtra
ASSOCIATE MEMBERS,47,Devdhar Chemicals Private Limited 54 Fairlead Inspection & Testing Private Limited,"5th Floor, Guardian Square Building, CTS No.8/20, Plot Office No. : 201, Second Floor, No.6/20, Riddhi Siddhi Arcade, Opp. Hotel Shiv Grand, Erandwane, Shankarrao Joshi Road, (Hotel Nisarg Plot No. 13, Sector - 8, Gandhidham, Lane), Nr.Nal Stop, Kutch 370 201, Pune 411 004 Gujarat, Maharashtra",Gujarat
ASSOCIATE MEMBERS,48,Dhanlakshmi Biochem Private Limited 55 FCI Aravali Gypsum and Minerals India Limited,"Prahladnagar, Satellite, A Government of India Undertaking, Ahmedabad 380 015 2, West Patel Nagar, Circuit House Road, Gujarat Ratanada, Jodhpur 342 011, Rajasthan",Gujarat
ASSOCIATE MEMBERS,49,Dhanuka Agritech Limited 56 Fertiplant Engineering Co. Private Limited,"Dhanuka Group, Global Gateway Towers, Moray House, 2nd Floor, Tower ‘B’, Near Guru Dronacharya Metro Station, 226, S.V. Road, Bandra (West), M.G. Road, Mumbai 400 050, Gurugram 122 002 Maharashtra, Haryana",Maharashtra
ASSOCIATE MEMBERS,57,Fertis India Private Limited 64 Green Grow Nutrients Private Limited,"Plot No.73, SMR House, 3rd Floor, #20, 2nd Floor, SJP Arcade, Nagarjuna Hills, Panjagutta, 2nd Cvoll, Balaji Layout, Dasarahalli, Hyderabad 500 082 Bengaluru 560 024, Telangana Karnataka",Telangana
ASSOCIATE MEMBERS,58,Finozen Nutrigation LLP 65 Green Planet Bio Products,"286, Gurkripa, Sindh Co-Operative G.P. Tower, 1 Amar Garden, Housing Society, Aundh Near Pathankot Byepass Chowk, NH-1, Pune 411 007 Jalandhar 144 004, Maharashtra Punjab",Maharashtra
ASSOCIATE MEMBERS,59,Galiakotwala Engineering Company Private Limited 66 Growell Resources & Management Private Limited,"65/66, Maker Chambers - III Bharat Insurance Building, 2nd Floor, Nariman Point 15-A, Horniman Circle Fort, Mumbai 400 021 Mumbai 400 001, Maharashtra Maharashtra",Maharashtra
ASSOCIATE MEMBERS,60,Gayatri Fertiplants International Private Limited 67 Growmax Agro Private Limited,"G-1, 269-270, RIICO Industrial Area Door No. 32, 2nd Main Road, Khuskhera New Colony, Chromepet, Alwar 301 707 Chennai 600 044, Rajasthan Tamil Nadu",Rajasthan
ASSOCIATE MEMBERS,61,GDS Chemicals & Fertilizers Private Limited 68 Gujarat Agro Industries Corporation Limited,"Aska Road, Near Sarguna Street, Gujarat State Civil Supply Corporation Admin Building, Berhampur, CH-Road, Sector - 10A, District Ganjam 760 006 Gandhinagar 382 010, Odisha Gujarat",Gujarat
ASSOCIATE MEMBERS,62,Gencrest Bio Products Private Limited 69 Gujarat Boron Derivatives Private Limited,"7, Gala Impecca, Andheri (East) Synergy House - 2, Mumbai 400 059 Gorwa Subhanpura Road, Maharashtra Baroda 390 023, Gujarat",Maharashtra
ASSOCIATE MEMBERS,63,Godrej and Boyce Manufacturing Co. Limited 70 HBS Fertilisers & Chemicals Industries Private,"Plant No. - 19A, Process Equipment Division 1, Abdul Hamid Street, Pirojshanagar, Vikhroli West 5th Floor, Room No. - 502, Mumbai 400 079 Kolkata 700 069, Maharashtra West Bengal",Maharashtra
ASSOCIATE MEMBERS,71,HCM Agro Products Private Limited 78 Indian Phosphate Limited,"RR-29, First Floor, Miyan Wali Nagar F-234, 1E, Mewar Industrial Area, Paschim Vihar, Madri, New Delhi - 110 087 Udaipur 313 003, Rajasthan",Rajasthan
ASSOCIATE MEMBERS,72,HE Marketing Private Limited 79 Indotech Speciality Private Limited,"H-Energy Group of Companies ""Shiv Kashi"" Plot No. 20, 514, Dalamal Tower, 211, Free Press Journal Marg Vivekanand Housing Society, Tilaknagar, Nariman Point Aurangabad 431 005, Mumbai 400 021 Maharashtra, Maharashtra",Maharashtra
ASSOCIATE MEMBERS,73,HIL (India) Limited 80 Innovative India Agrify Private Limited,"Scope Complex, 2nd Floor, Core-6, Pride Icon No. 70, First Floor, 7, Lodi Road, Gokulroad, Hubballi, New Delhi - 110 003 Distt. Dharwad 580 030, Karnataka",Karnataka
ASSOCIATE MEMBERS,74,Hindustan Zinc Limited 81 Inspectorate Griffith India Private Limited,"Yashad Bhawan, Ecocentre,16th Floor, Unit 1601, Udaipur 313 004 Block - EM04, Salt Lake, Sector - V, Rajasthan Kolkata 700 091, West Bengal",Rajasthan
ASSOCIATE MEMBERS,75,ICL Fertilizers (India) Private Limited 82 Intertek India Private Limited,"306, Tower A, Millennium Plaza F Wing, 1st Floor, Tex Center, Sector 27 Chandivali Farm Road, Chandivali, Andheri (E), Gurgaon 122 002 Mumbai 400 072, Haryana Maharashtra",Haryana
ASSOCIATE MEMBERS,76,IFFCO-TOKIO General Insurance Co. Limited 83 Ion Exchange India Limited,"IFFCO Tower, 4th & 5th Floor, Ion House, Plot No.3, Sector-29, Dr. E. Moses Road, Mahalaxmi, Gurgaon 122 001 Mumbai 400 011, Haryana Maharashtra",Haryana
ASSOCIATE MEMBERS,77,Indian Micro-Fertilizers Manufacturers Association 84 IPL Biologicals Limited,"(IMMA) M2K Corporate Park, Sector - 51, N Block, C/o Manshya Marketing Pvt. Ltd., Gurugram 122 003, S. No. 49/1A/1A/1A, Opp. Micro Supreme Auto Haryana, Industrial Pvt. Ltd., Gokulnagar, Pune 411 048",Haryana
ASSOCIATE MEMBERS,85,ISGEC Heavy Engineering Limited 92 Jaishil Sulphur and Chemical Industries,"Yamunanagar B Wing, 202/203 Pratik Industrial Estate, Haryana Bhandup Goregaon Link Road, Near Fortis Hospital, Bhandup (W), Mumbai 400 078, Maharashtra",Haryana
ASSOCIATE MEMBERS,86,ITT Engineering India Private Limited 93 Jyoti Consultants,"14, Floor-GRD, 731/2, Air Condition Market Building B-79, Defence Colony, Pandit Madan Mohan Malviya Marg, Tardeo Bhisham Pitamaha Marg, Mumbai 400 034 New Delhi - 110 024, Maharashtra",Maharashtra
ASSOCIATE MEMBERS,87,J.B. Boda Insurance Surveyors & Loss Assessors 94 Jyoti Trading Corporation,"Private Limited B-78, 2nd Floor, 1304, 13th Floor, Vijaya Building, Defence Colony, 17, Barakhamba Road, New Delhi 110 024, New Delhi - 110 001",
ASSOCIATE MEMBERS,88,J.J. Consultants Private Limited 95 K+S Fertilizers (India) Private Limited,"6, Sunder Nagar, Office No. 612, 6th Floor, New Delhi - 110 003 Bestech Business Tower, Sector 48, Gurgaon 122 098, Haryana",Haryana
ASSOCIATE MEMBERS,89,J.M. Baxi & Co. 96 Kalantri Beej Bhandar,"1006, 10th Floor, Mohandev Building, Old Mondha Beed, 13, Tolstoy Marg, Dist. Beed 431 131, New Delhi - 110 001 Maharashtra",Maharashtra
ASSOCIATE MEMBERS,90,Jagmohanlal and Company 97 Kan Biosys Private Limited,"74/119-A, SBI Building, Dhankutti 917/17, Ganeshwadi, Raveedeep, Kanpur Nagar Off F.C. Road, Kanpur 208 001 Pune 411 004, Uttar Pradesh Maharashtra",Uttar Pradesh
ASSOCIATE MEMBERS,91,Jaipur Bio Fertilizers 98 Karaikal Port Private Limited,"1st Floor, 23, Om Tower, Chhabra Road No.39, Chettinad Chambers, 5th Street, Nandpuri Extension, Hawa Sadak, Sodala 3rd Floor, R.K. Salai, Near AVM Rajeshwari Marriage, Jaipur 302 019 Chennai 600 004, Rajasthan Tamil Nadu",Rajasthan
ASSOCIATE MEMBERS,99,Karneet Enterprises (India) Private Limited 106 Knack Packaging Private Limited,"No. 23/3,1st & 2nd Floor, 330/A, 3rd Floor, Kalasagar Mall, Hare Krishna Road,Crescent Road, High Grounds, Opp. Sai Baba Temple, Nr.Sattadhar Cross Roads, Bengaluru 560 001 Ghatlodiya, Karnataka Ahmedabad 380 061, Gujarat",Karnataka
ASSOCIATE MEMBERS,100,Kasturchand Fertilizers Private Limited 107 Kotak Global Tradlinks Private Limited,"5, Shri Sainath Enclave, 311, 3rd Floor, Sakar V, B/H Natraj Cinema, 2nd Floor, Block No. 203, Off. Ashram Road, Near S.T. Bus Stand Square, Ganeshpeth Ahmedabad 380 009, Nagpur 441 207 Gujarat, Maharashtra",Gujarat
ASSOCIATE MEMBERS,101,KBR Engineering & Construction India Private Limited 108 KPR Crop-Science Private Limited,"16th Floor, Tower A, Building No. 5 D.No. - 3-92, Nallamilli Road, Biccavolu, DLF Cyber Terraces, DLF Phase III, Biccavolu Mandal, Gurgaon 122 002 District East Godavari 533 343, Haryana Andhra Pradesh",Haryana
ASSOCIATE MEMBERS,102,Key-Tech Engineering Company 109 Krishi Rasayan Exports Private Limited,"202, Center Point Premises 1115, Hemkunt Tower, Opposite Parel Post Office, Jijibhai Lane 98, Nehru Place, Mumbai 400 012 New Delhi - 110 019, Maharashtra",Maharashtra
ASSOCIATE MEMBERS,103,Keytrade AG 110 Kutch Copper Limited (SEZ),"India Liaison Office 12th Floor, Aravalli House, Shantigram, B-260, Greater Kailash - I Nr. Vaishnodevi Circle, SG Highway, New Delhi - 110 048 Ahmedabad 382 421, Gujarat",Gujarat
ASSOCIATE MEMBERS,104,Khandelwal Distributors Private Limited 111 Larsen & Toubro Limited,"More Kothi, Gangapur Heavy Engineering Division, Shyamganj 32, Shivaji Marg, Bareilly 243 005 New Delhi - 110 015, Uttar Pradesh",Uttar Pradesh
ASSOCIATE MEMBERS,105,KLJ Resources Limited 112 Linde Engineering India Private Limited,"403/404, 4th Floor, N.S. Phadke Marg, Linde House, Near East West Flyover, Andheri East, Near Nilamber Circle, Vasna-Gotri Road, Vasna, Mumbai 400 069 Vadodara 391 410, Maharashtra Gujarat",Maharashtra
ASSOCIATE MEMBERS,113,Lohia Corp Limited 120 Marut Dronetech Private Limited,"D-3/A, Panki Industrial Estate, 2nd Floor, Veda Ventures, Survey of India Society, Kanpur 208 022 Road No. 4, Chanda Naik Nagar, Madhapur, Uttar Pradesh Hyderabad 500 081, Telangana",Uttar Pradesh
ASSOCIATE MEMBERS,114,M.D. Biocoals Private Limited 121 MECS India Private Limited,"Era Galleria SCO-06, Second Floor, B14-117/ 119, WeWork, Barnala Road, Near JCD Vidyapeth, 13th Floor, 247 Park, Gandhinagar, Vikhroli (West), Sirsa 125 055 Mumbai 400 079, Haryana Maharashtra",Haryana
ASSOCIATE MEMBERS,115,Mahamaya Enterprise 122 Meghmani Crop Nutrition Limited,"12/A, Netaji Subhash Road, Meghmani House, Ground Floor, Room No. 6, B/h. Safal Profitaire, Corporate Road, Prahladnagar, Kolkata 700 001 Ahmedabad 380 015, West Bengal Gujarat",West Bengal
ASSOCIATE MEMBERS,116,Mamde Krishi Seva Kendra 123 Mexican Agro Chemical Limited,"New Mondh 128-A, Kalindi Kunj, Pipliyahana, Nanded 431 602 Indore 452 001, Maharashtra Madhya Pradesh",Maharashtra
ASSOCIATE MEMBERS,117,Manshya Marketing Private Limited 124 Midgulf Services India Private Limited,"S.No. 49, Part Rajkumar Lodha Industrial Estate, 12th Floor, Pinnacle Mall, Plot No.3, Vrindavan Nagar Lane No.3, Near Shatrunjay Mandir, Sector - 10, District Center Dwarka, Gokul Nagar, Katraj, Kondhwa Road, Kondhwa BDK, New Delhi - 110 075, Pune 411 048, Maharashtra",Maharashtra
ASSOCIATE MEMBERS,118,Maru Chem Industries 125 Mitra S.K. Private Limited,"Plot No. C-1-B.2419, 3rd Floor Shrachi Centre (5th Floor), Near Bank of Baroda, GIDC, Vapi 74B, AJC Bose Road, Distt. Valsad 396 195 Kolkata 700 016, Gujarat West Bengal",Gujarat
ASSOCIATE MEMBERS,119,Marubeni India Private Limited 126 MN Crop & Fertico Private Limited,"Unit No. 01, 3rd Floor, Building A-2, 38/1, LP-60/3/1, Kshetra Mohan Mitra Lane, Shaheed Jeet Singh Marg, Howrah 711 106, Qutab Institutional Area, West Bengal, New Delhi - 110 067",West Bengal
ASSOCIATE MEMBERS,127,Mosaic India Private Limited 134 Nature Organics,"11th Floor, Building 8C, Plot No. E-28, MIDC, Kupwad, DLF Cyber City, Phase II, Tal :- Miraj, Gurgaon 122 002 Distt. Sangli 416 416, Haryana Maharashtra",Haryana
ASSOCIATE MEMBERS,128,MS Agrotech 135 Neelam Aqua & Speciality Chem Private Limited,"No. 19, Bylakonenahalli Circle, Andrahalli Main Road, H-337 (D), Road No.17, Near Satya Sai School, Laxmipura Post V.K.I. Area, Dasanapura Hobli Jaipur 302 013, Bangalore 562 162 Rajasthan, Karnataka",Rajasthan
ASSOCIATE MEMBERS,129,Multiplex Bio-Tech Private Limited 136 New Ar Vee Agro Chemical,"No.180, 1st Main Road, TBA - 6, New Sabzi Mandi, Maqsudan, Mahalakshmi Layout, Jalandhar 144 008, Bengaluru 560 086 Punjab, Karnataka",Punjab
ASSOCIATE MEMBERS,130,N G Fertilizers and Chemicals Private Limited 137 New Mysore Agricultural Fertilisers Private Limited,"224/2, 3, NH-5, Kodurupadu Village, #HIG 28, HUDCO 1st Stage, Krishna 521 110 Lakshmikantha Nagar, Andhra Pradesh Mysuru 570 017, Karnataka",Andhra Pradesh
ASSOCIATE MEMBERS,131,Naq Global Private Limited 138 Nextnode Bioscience Private Limited,"Plot No 36,37, Fifth Floor, SDC Vinay 1, 607, Abhishree Avenue, Moji Colony, Calgary Marg, Malviya Nagar, Opp. Hanumanji Temple, Nehrunagar, Ambawadi, Jaipur 302 017 Ahmedabad 380 015, Rajasthan Gujarat",Rajasthan
ASSOCIATE MEMBERS,132,Narmada Phosphate Limited 139 Nico Orgo Manures,"A-33, Priyadarshini Nagar, Opposite Railway Station, (Just beside the street of Quality Restaurent), Vyapar Dakor 388 225, Vihar Road, Gujarat, Bilaspur 495 001, Chattisgarh",Gujarat
ASSOCIATE MEMBERS,133,National Cooperative Development Corporation 140 Nirma Limited,"4, Siri Institutional Area Nirma House, Opposite Siri Fort, Hauz Khas Ashram Road, Near I.T.O., New Delhi - 110 016 Ahmedabad 380 009, Gujarat",Gujarat
ASSOCIATE MEMBERS,141,Novozymes South Asia Private Limited 148 Peptech Biosciences Limited,"Plot No. 32, 47-50, EPIP Area G-1-636, Chopanki Industrial Area, Whitefield Bhiwadi, Bangalore 560 066 Alwar 301 019, Karnataka Rajasthan",Karnataka
ASSOCIATE MEMBERS,142,Nuberg Engineering Limited 149 Phoenix International,"Nuberg House 1st Floor, Flat-2, Nara Singha Avenue, 11A, Nager, A38 H, Sector 64 Kolkata, North Twenty Four, Noida Parganas 700 074, Distt. Gautam Buddha Nagar 201 301 West Bengal, Uttar Pradesh",West Bengal
ASSOCIATE MEMBERS,143,OAN Industries Limited 150 Pinaq Remedies (India) Private Limited,"P-134, Malhotra Nagar, VKI Metoda GIDC, G-1927/B, Opp. Gujarat Gas, Vidhyadhar Nagar Road No. 5, Metoda, Jaipur 302 013 Rajkot 360 021, Rajasthan Gujarat",Gujarat
ASSOCIATE MEMBERS,144,Oasis Chemical Industries 151 Prabhat Fertilizer & Chemicals Works,"W-57, Phase - 2, MIDC, Sonarpada, Vill - Kurali, Indri Road, Dombivli East, Tal. Kalyan, Karnal 132 001, Dist. Thane 421 203 Haryana, Maharashtra",Haryana
ASSOCIATE MEMBERS,145,Ostwal Phoschem (India) Limited 152 Prathista Industries Limited,"5-O-1, R.C. Vyas Colony 1-5-1015, Plot # 80 & 81, Manjeera Colony, Bhilwara 311 001 Father Balaiah Nagar, Old Alwal, Rajasthan Secunderabad 500 010, Telangana",Rajasthan
ASSOCIATE MEMBERS,146,Patel Phoschem Limited 153 Prism Crop Science Private Limited,"413-414-415, 4th Floor, A-Block Plot No. 27 & 298, 4th Floor, Urban Square Mall, Sukher Reliance Fresh Building, Prashanth Nagar, Udaipur 313 001 Vanasthalipuram, Rajasthan Hyderabad 500 070, Telangana",Rajasthan
ASSOCIATE MEMBERS,147,Pavaman Aviation Private Limited 154 Privi Life Sciences Private Limited,"15th Floor, Survey No.115/1, Kapil Towers Privi House, A-71, TTC Industrial Area, Nanakramguda, Rangareddy, Telangana Thane Belapur Road, Kapor Khairane, Hyderabad 500 032 Navi Mumbai 400 709, Telangana Maharashtra",Telangana
ASSOCIATE MEMBERS,155,Progressive Fertichem (Private) Limited 162 Ram Potash Private Limited,"Nizarapar, Jagi Road, Khasra No. 613/M, Jansath Road, District Morigaon 782 410 Sher Nagar, Assam Muzaffarnagar 251 001, Uttar Pradesh",Assam
ASSOCIATE MEMBERS,156,Projects & Development India Limited 163 Ramcides CropScience Private Limited,"P.O. Box No.125 Ramcides House, A-14, Sector-1 No.59C, 8th Street North Phase, Noida 201 301 SIDCO Industrial Estate, Ambattur, Uttar Pradesh Chennai 600 098, Tamil Nadu",Uttar Pradesh
ASSOCIATE MEMBERS,157,Pushpa J. Shah 164 Ray Nano Science & Research Centre LLP,"Plot No. 906/13, Near Ganesh Anand Chokdi, SN No.706, Behind Phoneix Food, G.I.D.C. Panoli, Tal. Ankleshwar, Bedwa Mogar Road, Near Bullet Train, Mogar, Dist. Bharuch 394 116 Anand 388 306, Gujarat Gujarat",Gujarat
ASSOCIATE MEMBERS,158,R.M. Phosphates & Chemicals Private Limited 165 RD Agro Inputs,"Plot No. T-3/1, Babhale Village, Phase II, 16 D, Agraharam Street, Uthangarai-TK, Nasrdana MIDC Industrial Area, Tal. Shindkheda, Krishnagiri (Distt.) 635 207, District Dhule 424 309 Tamil Nadu, Maharashtra",Tamil Nadu
ASSOCIATE MEMBERS,159,Rajasthan State Mines & Minerals Limited 166 ReAgro International,"4, Meera Marg 404, Star Tower, Udaipur 313 001 Sector 30, Silokhera NH8, Rajasthan Gurgaon 122 001, Haryana",Rajasthan
ASSOCIATE MEMBERS,160,Rajureshwar Industries Private Limited 167 Reliance Industries Limited,"Showroom No. 1, Block No. III Industrial Marketing, Building 5-C, 2nd Floor, Arjun Khotkar Business Center, Old Mondha Reliance Corporate Park, Thane-Belapur Road, Jalna 431 203 Navi Mumbai 400 709, Maharashtra Maharashtra",Maharashtra
ASSOCIATE MEMBERS,161,Rallis India Limited 168 Richfield Fertilisers Private Limited,"II Floor, III Block, KSCMF Ltd., Building, B-27, MIDC Ambad, # 8th Cunningham Road, Nashik 422 010, Bangalore 560 052 Maharashtra, Karnataka",Maharashtra
ASSOCIATE MEMBERS,169,Rio Tinto India Private Limited 176 Sadhana Phosphates & Chemcials Limited,"21st Floor, Tower A, Building No.5, 1018, Debari Railway Station Road, Cyber Terrace, DLF Cyber City, DLF Phase III Opp. HZL Smelter Village Gudli, Gurgaon 122 002 Distt. Udaipur 313 024, Haryana Rajasthan",Haryana
ASSOCIATE MEMBERS,170,Rishi Shipping 177 Sahasra Crop Science Private Limited,"Rishi House, Plot No. 113-116, H.No. 5-4-36/1, M.P. Residency, 4th Floor, Ward - 6, Industrial Area, Gandhidham Kamala Nagar, Opp. Sampurna Theatre, Kutch 370 201 Hyderabad 500 082, Gujarat Telangana",Gujarat
ASSOCIATE MEMBERS,171,S. International 178 Sai Fertilizers Private Limited,"B-79, Defence Colony 21, Princep Street, New Delhi 110 024 Kolkata 700 071, West Bengal",West Bengal
ASSOCIATE MEMBERS,172,S.A. International 179 Saigal Seatrade Private Limited,"B-79, Defence Colony J.V. House, 2nd Floor, New Delhi 110 024 D.S. Babrekar Marg, Dadar (West), Mumbai 400 028, Maharashtra",Maharashtra
ASSOCIATE MEMBERS,173,S.L.Dev & Co. 180 Saipem India Projects Private Limited,"75, Link Road Millenia Business Park, Phase II, Campus 3A, Suite No.102, Lajpat Nagar III 143, Dr. M.G.R. Road, Kandhanchavadi, Perungudi, New Delhi - 110 024 Chennai 600 096, Tamil Nadu",Tamil Nadu
ASSOCIATE MEMBERS,174,Saalasar Phos Chem Private Limited 181 Sakthi Fertilizers Corporation LLP,"Khasara No. 378, 379, 381 10/10C, Railway Colony, Village - Deoriya, P.O. Guradia Joga Kavundampalayam, Teh. Panchpahar Coimbatore 641 030, Distt. Jhalawar 326 512 Tamil Nadu, Rajasthan",Tamil Nadu
ASSOCIATE MEMBERS,175,Sabic India Private Limited 182 Sarat Chatterjee & Co. (Visakhapatnam) Private,"10th Floor, Ambience Corporate Towers II, 28-2-47, 1 St Floor, Ambience Island, Daspalla Centre Suryabagh, Gurgaon 122 001 Visakhapatnam 530 020, Haryana Andhra Pradesh",Haryana
ASSOCIATE MEMBERS,183,Sardar Agro Fertilizers & Chemicals Private Limited 190 Shanmukha Agritec Limited,"901-902, 9th Floor, Everest Building 7-1-621/98 & 621/34, Opp. Axis Bank, Opp. Shastri Maidan S.R. Nagar Main Road, Rajkot 360 004 Hyderabad 500 038, Gujarat Telangana",Gujarat
ASSOCIATE MEMBERS,184,Savio Bio Organic and Fertilizers Private Limited 191 Sheetal Agro Agencies,"Office No. 5, IInd Floor Balaji Mandir Complex, Amar Empire, Near Goaves Circle Old Mondha Road, Mondha, Belagavi 590 001 Beed 431 122, Karnataka Maharashtra",Karnataka
ASSOCIATE MEMBERS,185,Saybolt Inspection Services India Private Limited 192 Shiv Sulphuric Solutions (OPC) Private Limited,"B-707, Pranik Chembers Bldg.-A, Office - 202, Ashoka Heights, Naikwadi, 7th Floor, Saki Vihar Road, Saki Naka Nr. Thane Station (West), Opp. Gaondevi Maidan, Mumbai 400 072 Thane 400 602, Maharashtra Maharashtra",Maharashtra
ASSOCIATE MEMBERS,186,Scientific Agriculture Laboratory Private Limited 193 Shiva Global Agro Industries Limited,"3/196, Natham Main Road, Near State Bank of India, Manthikulam Villakku, Karuvanur Post, New Mondha, Madurai 625 014 Nanded 431 602, Tamil Nadu Maharashtra",Tamil Nadu
ASSOCIATE MEMBERS,187,Seatrans Marine Private Limited 194 Shree Krushi Vikas Kendra,"ABIR KUNJ, 2nd Floor 84/7 Plot No. 2, Mahesh Nagar, 158, Rajdanga Naba Pally, (Besides HDFC Bank) Shirpur Warwade, Shirpur, Kolkata 700 107 Distt. Dhule 425 450, West Bengal Maharashtra",West Bengal
ASSOCIATE MEMBERS,188,Shail Info 195 Shree Pushkar Chemicals and Fertilisers Limited,"B-053, Oakwood Estate 3, 301/302, Atlanta Centre, DLF City, Phase-II, Opp. Udyog Bhawan, Goregaon East, Gurgaon 122 002 Mumbai 400 063, Haryana Maharashtra",Haryana
ASSOCIATE MEMBERS,189,Shamrock Overseas Limited 196 Shri Laxminarayan Chemicals and Fertilizer Private,"Surya Tower, Ravi Nagar Limited, Shukla Colony Plot No. 29, KAIDB Industrial Area, Raipur 492 001 Rayapur, Chhattisgarh Dharwad 580 009, Karnataka",Chhattisgarh
ASSOCIATE MEMBERS,197,Silverline Fertilisers Private Limited 204 SSP Private Limited,"2nd Floor, Door No: 19, 13th Milestone, Mathura Road, Old Door No:67, Dr Ranga Road, Mylapore, Faridabad 121 003, Chennai 600 004 Haryana, Tamil Nadu",Haryana
ASSOCIATE MEMBERS,198,Singham Bio Crop Care Private Limited 205 Subhodaya Chemicals Private Limited,"205-206, Pavanveer Plaza 28-2-47, Daspalla Complex, Opp. IOCL Petrol Pump, Sama-Savli Road, Suryabagh, Vadodara 390 020 Visakhapatnam 530 001, Gujarat Andhra Pradesh",Gujarat
ASSOCIATE MEMBERS,199,SML Limited 206 Sud-Chemie India Private Limited,"604/605, 349-Business Point, 6th Floor, 401/402 - Office Block, DLF Place, Western Express Highway, Andheri (E) Plot : A-4, District Centre, Saket, Mumbai 400 069 New Delhi - 110 017, Maharashtra",Maharashtra
ASSOCIATE MEMBERS,200,Solvay Specialities India Private Limited 207 Suma Agro India Private Limited,"Equinox Business Park, Tower No.-4, G2 - Mythili Apartments, 9th Floor, Unit No. 903, 21 Mylai Ranganathan St., Thyagaraya Nagar, L.B.S. Marg, Kurla (W), Chennai 600 017, Mumbai 400 070 Tamil Nadu, Maharashtra",Tamil Nadu
ASSOCIATE MEMBERS,201,Sri Balaji Fertilizers and Pesticides 208 Sun International Private Limited,"Plot No. 4, Block No. 38, Road 8A 7th Floor, Le Meridien Commercial Tower, Autonagar Raisina Road, Hyderabad 500 070 New Delhi - 110 001, Telangana",Telangana
ASSOCIATE MEMBERS,202,Sri Bioaesthetics Private Limited 209 Sunflower Organic Private Limited,"Plot No. G49, General Industrial Park No. 409/8, Thattu Mettu Street, Sultanpur, Ameenpur, Manoal Sivakasi, Sangareddy District 502 319 Distt. Viridhunagar 626 189, Telangana Tamil Nadu",Telangana
ASSOCIATE MEMBERS,203,Sri Venkateswara Fertililsers 210 T.J.Agro Fertilizers Private Limited,"15/483, G.H. Road, Adoni A-2/3, J.K. Tower, Kurnool Distt. 518 301 Near Grid, Kabilpore, Andhra Pradesh Navsari 396 424, Gujarat",Andhra Pradesh
ASSOCIATE MEMBERS,211,Talcher Fertilizers Limited 218 The Gujarat State Cooperative Marketing Federation,"Plot 2/H, Kalpana Area Limited, BJB Nagar, Khordha N.P. Patel Sahkar Bhavan, Bhubneswar 751 014 49, Shrimali SO. Opposite Navrangpura Police Station, Odisha Ahmedabad 380 009, Gujarat",Odisha
ASSOCIATE MEMBERS,212,Tamilnadu Cooperative Marketing Federation 219 The Haryana State Cooperative Supply and,"91, St. Mary's Road, Marketing Federation Limited, Chennai 600 018 Hafed Complex, Tamil Nadu Sector - 5, Panchkula 134 114, Haryana",Tamil Nadu
ASSOCIATE MEMBERS,213,Technip Energies India Limited 220 The Madhya Pradesh State Cooperative Marketing,"A-4, Technip Tower Federation Limited, Sector - 1, Noida P.O. Jehangirabad, Distt. Gautam Budh Nagar 201 301 Bhopal 462 008, Uttar Pradesh Madhya Pradesh",Uttar Pradesh
ASSOCIATE MEMBERS,214,Tecnimont Private Limited 221 The Maharashtra Agro-Industries Development,"Building No.-2, Plot No.504 Corporation Limited, Chincholi Bunder, Link Rd., Malad (W) Krushi Udyog Bhavan, Mumbai 400 064 Dinkarrao Desai Marg, Aarey Colony, Maharashtra Goregaon (East), Mumbai 400 063, Maharashtra",Maharashtra
ASSOCIATE MEMBERS,215,Teesta Agro Industries Limited 222 The Maharashtra State Cooperative Marketing,"P.O. Rajganj Federation Limited, Distt. Jalpaiguri Kanmoor House, Jalpaiguri 735 134 P.B. No. 5080, Narsi Natha Street, West Bengal Mumbai 400 009, Maharashtra",West Bengal
ASSOCIATE MEMBERS,216,Tessenderlo Kerley India Private Limited 223 The Vidarbha Cooperative Marketing Society,"Regus, 9th Floor, Spaze I Tech Park, Industrial Area, Tower A1, Sohna Road, Sector 49, Model Mill Road, Ganeshpeth, Gurgaon 122 018 Nagpur 440 018, Haryana Maharashtra",Haryana
ASSOCIATE MEMBERS,217,The Andhra Pradesh State Co-operative Marketing 224 The West Bengal State Cooperative Marketing,"Federation Limited Federation Limited, Door No: 56-2-11, 3rd Phase, APIIC Colony Road Southend Conclave, 3rd Floor, (KMDA Building), Jawahar Auto Nagar, Vijayawada Opposite Siemens, 1582, Rajdanga Main Road, Krishna (Dist.) 520 007 Kolkata 700 017, Andhra Pradesh West Bengal",Andhra Pradesh
ASSOCIATE MEMBERS,225,The World Bank (IBRD) 232 Tradex India Corporation Private Limited,"70 Lodhi Estate C-15, Qutab Institutional Area, New Delhi - 110 001 New Delhi - 110 016",
ASSOCIATE MEMBERS,226,ThyssenKrupp Industrial Solutions (India) Private 233 Trans Farm (Private) Limited,"Limited House No:1-1-167/1&2&3, Uhde House, Lal Bahadur Shastri Marg Ground Floor, Abdullah Mansion, RP Road, Vikhroli (W) Secunderabad 500 003, Mumbai 400 083 Telangana, Maharashtra",Telangana
ASSOCIATE MEMBERS,227,Timac Agro India Private Limited 234 Transworld Furtichem Private Limited,"Ground Floor, 32, Palani Centre Survey 39 / 1 & 39/2 MIDC, Venkata Narayana Road, T Nagar Dhatav, Roha, Chennai 600 017 Distt. Raigad 402 109, Tamil Nadu Maharashtra",Tamil Nadu
ASSOCIATE MEMBERS,228,Topsoe India Private Limited 235 Tubacex Service Solutions India Private Limited,"Vatika Mindscapes, Tower A, 3rd Floor, 402 A, Platina, G-Block, 12/3, Mathura Road (NH-2), Sector - 27, Bandra Kurla Complex, Bandra (East), Faridabad 121 003 Mumbai 400 051, Haryana Maharashtra",Haryana
ASSOCIATE MEMBERS,229,Torrent Power Limited 236 TUV Rheinland India Private Limited,"Sugen Mega Power Project Plot No. 417, Udyog Vihar, Phase -IV, Off. National Highway No. 48, Taluka - Kamrej Gurgaon 122 015, Distt. Surat 394 155 Haryana, Gujarat",Haryana
ASSOCIATE MEMBERS,230,Toyo Engineering India Private Limited 237 Ulink Agrotech Private Limited,"214, Splendor Forum, Jasola District Centre Off. No. 106 (B&C), 6th Flr., E-Spacer IT Park, Near Apollo Hospital A1 Building, 46/1 Nagar Road, Next to Horbit Mall, New Delhi - 110 044 Pune 411 014, Maharashtra",Maharashtra
ASSOCIATE MEMBERS,231,Tradelink International Private Limited 238 Uni Abex Alloy Products Limited,"B2 306, Boomerang Buildings, Chandivali Road Plot No. 583, Belur Industrial Area, Oberoi Garden, Sakinaka, Mumbai Suburban Dharwad 580 011, Mumbai 400 072 Karnataka, Maharashtra",Karnataka
ASSOCIATE MEMBERS,239,Unique Organic Inputs 246 Vitech Heavy Equipments Private Limited,"S.No. B/26, Palika Bazar Shopping Center Survey No. 1422 B & 1408, Opp. Jalaram Tempal, Bardoli Village Shirol, Tal - Shahapur, Surat 394 601 Distt. Thane 421 601, Gujarat Maharashtra",Gujarat
ASSOCIATE MEMBERS,240,Universal Industries,"B-8, Industrial Estate, Bazpur Road, Kashipur 244 713, Uttrakhand",
ASSOCIATE MEMBERS,241,Universal Speciality Chemicals Private Limited,"'Universal House', A/28 Kamgar Nagar Co.Op.Hsg., S. G Barve, Near Nandikeshwar Mandir, Kurla East, Mumbai 400 024, Maharashtra",Maharashtra
ASSOCIATE MEMBERS,242,Uralkali Trading DMCC,"303, Eros Corporate Tower, Nehru Place, New Delhi - 110 019",
ASSOCIATE MEMBERS,243,Vanita Agrochem (India) Private Limited,"Gat No. 1036 and 1037, Takawade - Sangli Naka Road, A/P - Takawade, Tal :, Shirol, Dist. Kolhapur 416 121, Maharashtra",Maharashtra
ASSOCIATE MEMBERS,244,Vasu Chemicals LLP,"Opposite Blossom Soc., Military Road, Marol, Andheri (E), Mumbai 400 059, Maharashtra",Maharashtra
ASSOCIATE MEMBERS,245,Vigour Agritech Solutions Private Limited,"Office No. 1 & 2, 1173 Aashirvad Apartment, Sadashivpeth Limayewadi, Tilak Road, Pune 411 030, Maharashtra",Maharashtra
OVERSEAS ASSOCIATE MEMBERS,1,Agrifields DMCC 8 Indo Jordan Chemicals Co. Limited,"705, JBC5, Jumeirah Lake Towers, P.O. Box 17028, PO Box 111225, Amman 11195, Al Rabia, Dubai Al Rabia, Hashemite, UAE Kingdom of Jordan",
OVERSEAS ASSOCIATE MEMBERS,2,Argus Media Singapore Group Pte Limited 9 Jordan Phosphate Mines Co. S.A.,"50 Raffles Place, #10-01 P.O. Box No.30, Singapore Land Tower, Amman, Singapore 048623 Jordan",
OVERSEAS ASSOCIATE MEMBERS,3,Canpotex International Pte. Limited 10 JSC NIIK,"38, Beach Road, Phalaborwa, Russia, Nizhny Novgorod Region, 1390, Transval, # 17-13, South Beach Tower, Griboedov Street, 31, Singapore 189767 Dzerzhinsk 606008, Russia",
OVERSEAS ASSOCIATE MEMBERS,4,CRU Analysis and consulting (India) Private Limited 11 JSC Uralchem,"B/407, Fourth Floor, Citi Point, J.B.Nagar, 6, Presnenskaya Naberezhnaya, 12312, Next to Kohinoor Hotel, Andheri Kurla Road, Andheri Moscow, Mumbai 400 059 Russia, Maharashtra",Maharashtra
OVERSEAS ASSOCIATE MEMBERS,5,Hexagon Fertilizers Asia Pte Ltd. 12 Kisan International Trading FZE,"#10-10, 6 Shenton Way, Emaar Business Park # 2, DBS Building Tower Two, Office EMO 562, Jebel Ali, P.O. Box 261835, Singapore 068809 Dubai",
UAE,6,ICIS 13 Koch Fertilizer LLC,"Quadrant House 4111 E, 37 Street North Wichita, The Quadrant, Sutton Kansas 67220, Surrey, 5M2 5A5 USA, United Kingdom",
UAE,7,ICL Fertilizers 14 OCP Nutricrops SA,"Potash House P.O.B. 75 Complexe Jorf Lasfar – My Abdellah BD 118, Beer-Sheva, 84100 El Jadida, Israel Morocco",
UAE,15,Oman India Fertiliser Company S.A.O.C.,"P.O. Box No. 67, PC-411, Sur, Sultanate of Oman",
UAE,16,Pinnacle Green Enterprises DMCC,"HDS Business Centre, JLT Clusterm, Unit 2405, Dubai, United Arab Emirates",
UAE,17,S&P Global Limited,"Ropemaker Place, Ropemaker Street, London ECZY 9LY, United Kingdom",
UAE,18,"Saudi Arabian Mining Company ""Ma'aden""","P.O. Box 68861, Riyadh 11537, Kingdom of Saudi Arabia",
UAE,19,Stamicarbon B.V.,"Mercator 3, 6135 KW Sittard., P.O. Box 53, 6160, AB Geleen, The Netherlands",
UAE,20,The Arab Potash Company Limited,"P.O. Box 1470, Amman 11118, Jordan",
UAE,21,Torbert DMCC,"Unit No. 310-41, Jumeirah Bay 2, Plot No. JLT - PH2 - X2A, Lumeirah Lakes Towers, Dubai, U.A.E.",
